signature	EntrezGene.ID	coefficient
GENE70	8659	-1
GENE70	8817	-1
GENE70	27113	-1
GENE70	57758	-1
GENE70	146923	-1
GENE70	8840	-1
GENE70	2947	-1
GENE70	151126	-1
GENE70	146760	-1
GENE70	10455	-1
GENE70	7043	-1
GENE70	55351	-1
GENE70	10455	-1
GENE70	58475	-1
GENE70	163	-1
GENE70	79132	-1
GENE70	55321	1
GENE70	9134	1
GENE70	1058	1
GENE70	9055	1
GENE70	10874	1
GENE70	3488	1
GENE70	10531	1
GENE70	57110	1
GENE70	3488	1
GENE70	91283	1
GENE70	4175	1
GENE70	83879	1
GENE70	5984	1
GENE70	23594	1
GENE70	6515	1
GENE70	57211	1
GENE70	1633	1
GENE70	51514	1
GENE70	1284	1
GENE70	9833	1
GENE70	92140	1
GENE70	51377	1
GENE70	51560	1
GENE70	160897	1
GENE70	79888	1
GENE70	8476	1
GENE70	10403	1
GENE70	8833	1
GENE70	1894	1
GENE70	4318	1
GENE70	5019	1
GENE70	2781	1
GENE70	2131	1
GENE70	56942	1
GENE70	81624	1
GENE70	81624	1
GENE70	169714	1
GENE70	51203	1
GENE70	81624	1
GENE70	85453	1
GGI	3838	1
GGI	8140	1
GGI	4141	1
GGI	7334	1
GGI	10212	1
GGI	4605	1
GGI	332	1
GGI	332	1
GGI	4171	1
GGI	5347	1
GGI	2305	1
GGI	9133	1
GGI	27338	1
GGI	991	1
GGI	11065	1
GGI	10535	1
GGI	8914	1
GGI	10615	1
GGI	983	1
GGI	4001	1
GGI	4085	1
GGI	890	1
GGI	9232	1
GGI	3149	1
GGI	701	1
GGI	9787	1
GGI	11130	1
GGI	9319	1
GGI	6790	1
GGI	10403	1
GGI	1017	1
GGI	51512	1
GGI	3832	1
GGI	9156	1
GGI	10024	1
GGI	993	1
GGI	4521	1
GGI	2237	1
GGI	2237	1
GGI	9700	1
GGI	7272	1
GGI	9833	1
GGI	1058	1
GGI	9134	1
GGI	1062	1
GGI	641	1
GGI	9928	1
GGI	3161	1
GGI	1063	1
GGI	6790	1
GGI	22948	1
GGI	84790	1
GGI	11004	1
GGI	9212	1
GGI	699	1
GGI	3833	1
GGI	1033	1
GGI	6241	1
GGI	22974	1
GGI	332	1
GGI	983	1
GGI	1058	1
GGI	10376	1
GGI	11004	1
GGI	3838	1
GGI	4288	1
GGI	4288	1
GGI	4288	1
GGI	4173	1
GGI	23397	1
GGI	11339	1
GGI	4141	1
GGI	3015	1
GGI	6472	1
GGI	8833	1
GGI	891	1
GGI	55969	1
GGI	9055	1
GGI	51203	1
GGI	24137	1
GGI	56942	1
GGI	55165	1
GGI	29095	1
GGI	64151	1
GGI	55355	1
GGI	10112	1
GGI	79682	1
GGI	79075	1
GGI	56992	1
GGI	10721	1
GGI	55839	1
GGI	259266	1
GGI	55010	1
GGI	55388	1
GGI	83461	1
GGI	55143	1
GGI	54478	1
GGI	29980	1
GGI	4173	1
GGI	29127	1
GGI	9700	1
GGI	10129	-1
GGI	8100	-1
GGI	1524	-1
GGI	90627	-1
GGI	3913	-1
GGI	7178	-1
GGI	79901	-1
GGI	27244	-1
GGI	582	-1
GGI	56912	-1
GGI	55650	-1
GGI	79846	-1
GGI	79864	-1
GGI	57728	-1
GGI	23410	-1
GGI	54737	-1
CIN70	22974	1
CIN70	9055	1
CIN70	2305	1
CIN70	983	1
CIN70	60436	1
CIN70	55969	1
CIN70	4171	1
CIN70	3015	1
CIN70	7153	1
CIN70	5111	1
CIN70	11065	1
CIN70	9833	1
CIN70	9319	1
CIN70	9918	1
CIN70	4176	1
CIN70	10535	1
CIN70	10635	1
CIN70	10112	1
CIN70	8318	1
CIN70	4085	1
CIN70	9700	1
CIN70	9133	1
CIN70	2237	1
CIN70	7272	1
CIN70	22948	1
CIN70	5984	1
CIN70	29028	1
CIN70	9793	1
CIN70	23165	1
CIN70	991	1
CIN70	1164	1
CIN70	6241	1
CIN70	1994	1
CIN70	891	1
CIN70	6240	1
CIN70	9212	1
CIN70	2956	1
CIN70	2146	1
CIN70	1503	1
CIN70	1736	1
CIN70	11339	1
CIN70	55143	1
CIN70	9232	1
CIN70	55165	1
CIN70	3014	1
CIN70	55907	1
CIN70	23397	1
CIN70	55388	1
CIN70	25804	1
CIN70	54892	1
CIN70	55723	1
CIN70	11130	1
CIN70	55872	1
CIN70	55055	1
CIN70	83461	1
CIN70	1894	1
CIN70	990	1
CIN70	7374	1
CIN70	23788	1
CIN70	5885	1
CIN70	86	1
CIN70	2821	1
CIN70	84306	1
CIN70	6427	1
CIN70	3068	1
CIN70	29107	1
CIN70	4751	1
CIN70	1717	1
CIN70	6790	1
CIN70	4706	1
CIN70	23306	1
CIN70	24137	1
Stroma1	1634	1
Stroma1	1462	1
Stroma1	1009	1
Stroma1	1281	1
Stroma1	2191	1
Stroma1	5176	1
Stroma1	2200	1
Stroma1	5157	1
Stroma1	1513	1
Stroma1	5654	1
Stroma1	54829	1
Stroma1	6678	1
Stroma1	1290	1
Stroma1	4016	1
Stroma1	4313	1
Stroma1	10418	1
Stroma1	6424	1
Stroma1	9358	1
Stroma1	800	1
Stroma1	51226	1
Stroma1	4237	1
Stroma1	23452	1
Stroma1	5328	1
Stroma1	1278	1
Stroma1	10234	1
Stroma1	114899	1
Stroma1	6591	1
Stroma1	5118	1
Stroma1	10631	1
Stroma1	1842	1
Stroma1	2192	1
Stroma1	8038	1
Stroma1	4320	1
Stroma1	165	1
Stroma1	5159	1
Stroma1	2619	1
Stroma1	1293	1
Stroma1	5919	1
Stroma1	1291	1
Stroma1	715	1
Stroma1	4692	1
Stroma1	7043	1
Stroma1	4035	1
Stroma1	1300	1
Stroma1	1809	1
Stroma1	25903	1
Stroma1	4323	1
Stroma1	51339	1
Stroma1	54587	1
Stroma1	7058	1
Stroma2	5328	1
Stroma2	649	1
Stroma2	4323	1
Stroma2	7070	1
Stroma2	1290	1
Stroma2	8038	1
Stroma2	23452	1
Stroma2	4237	1
Stroma2	871	1
Stroma2	1291	1
Stroma2	3671	1
Stroma2	9260	1
Stroma2	55742	1
Stroma2	25903	1
Stroma2	6876	1
Stroma2	5476	1
Stroma2	5159	1
Stroma2	54587	1
Stroma2	9180	1
Stroma2	1281	1
Stroma2	26585	1
Stroma2	2191	1
Stroma2	1627	1
Stroma2	23299	1
Stroma2	51330	1
Stroma2	7421	1
Stroma2	6591	1
Stroma2	2037	1
Stroma2	55033	1
Stroma2	4681	1
Stroma2	10487	1
Stroma2	526	1
Stroma2	2050	1
Stroma2	9697	1
Stroma2	4921	1
Stroma2	9945	1
Stroma2	4811	1
Stroma2	8481	-1
Stroma2	23705	1
Stroma2	23166	1
Stroma2	8459	1
Stroma2	23645	1
Stroma2	27295	1
Stroma2	93974	-1
Stroma2	51592	-1
Stroma2	4314	1
Stroma2	1833	1
Stroma2	157567	-1
Stroma2	8904	1
Stroma2	602	1
Stroma2	2720	1
Stroma2	59286	-1
Stroma2	8408	1
Stroma2	55035	-1
Stroma2	7042	1
Stroma2	5155	1
Stroma2	10409	1
Stroma2	10993	1
Stroma2	6233	-1
Stroma2	8507	1
Stroma2	176	1
Stroma2	9849	-1
Stroma2	51463	-1
Stroma2	6141	-1
Stroma2	4205	1
Stroma2	1774	1
Stroma2	4430	1
Stroma2	57158	1
Immune1	6846	1
Immune1	3134	1
Immune1	712	1
Immune1	608	1
Immune1	6696	-1
Immune1	4063	1
Immune2	6772	1
Immune2	3627	1
Immune2	6890	1
Immune2	6373	1
Immune2	3620	1
Immune2	4283	1
Immune2	4599	1
Immune2	27074	1
Immune2	9636	1
Immune2	64108	1
Immune2	55008	1
Immune2	10964	1
Immune2	4600	1
Immune2	3437	1
Immune2	51191	1
Immune2	91543	1
Immune2	23586	1
Immune2	6352	1
Immune2	27299	1
Immune2	914	1
Immune2	55601	1
Immune2	10866	1
Immune2	9111	1
Immune2	9806	1
Immune2	6355	1
Immune2	10346	1
Immune2	4069	1
Immune2	3659	1
Immune2	3902	1
Immune2	9595	1
Immune2	22797	1
Immune2	10537	1
Immune2	11262	1
Immune2	1075	1
Immune2	2537	1
Immune2	7941	1
Immune2	917	1
Immune2	1890	1
Immune2	51316	1
Immune2	10875	1
Immune2	3003	1
Immune2	962	1
Immune2	6775	1
Immune2	2841	1
Immune2	5026	1
Immune2	10437	1
Immune2	4068	1
Immune2	7805	1
Immune2	969	1
Immune2	5778	1
Immune2	3394	1
Immune2	11040	1
Immune2	51513	1
Immune2	29909	1
Immune2	5720	1
Immune2	330	1
Immune2	356	1
Immune2	8519	1
Immune2	24138	1
Immune2	3689	1
Immune2	11118	1
Immune2	3059	1
Immune2	6398	1
Immune2	55843	1
Immune2	22914	1
Immune2	10261	1
Immune2	1880	1
Immune2	26034	1
Immune2	29887	1
Immune2	79132	1
Immune2	684	1
Immune2	55337	1
Immune2	341	1
Immune2	51237	1
Immune2	445347	1
Immune2	56829	1
Immune2	23564	-1
Immune2	23547	1
Immune2	10148	1
Immune2	3823	1
Immune2	50856	1
Immune2	959	1
Immune2	7409	1
Immune2	2745	1
Immune2	54	1
Immune2	5993	1
Immune2	51816	1
Immune2	7187	1
Immune2	4218	1
Immune2	3606	1
Immune2	1942	-1
Immune2	10125	1
Immune2	9985	1
Immune2	9034	1
Immune2	10126	-1
RAS	19	-1
RAS	101	1
RAS	101	1
RAS	11096	-1
RAS	154	1
RAS	51129	1
RAS	51129	1
RAS	384	1
RAS	23229	-1
RAS	56938	1
RAS	490	1
RAS	490	1
RAS	84002	1
RAS	84002	1
RAS	11332	1
RAS	604	-1
RAS	7851	1
RAS	650	1
RAS	650	1
RAS	55612	1
RAS	55612	1
RAS	55612	1
RAS	135398	1
RAS	10221	1
RAS	805	1
RAS	813	1
RAS	813	1
RAS	835	-1
RAS	6364	1
RAS	8900	1
RAS	64866	1
RAS	23529	1
RAS	85301	-1
RAS	1316	1
RAS	1316	1
RAS	1453	1
RAS	1454	1
RAS	1454	1
RAS	84951	1
RAS	2919	1
RAS	2920	1
RAS	2921	1
RAS	6374	1
RAS	1545	-1
RAS	1545	-1
RAS	1594	1
RAS	120227	-1
RAS	1604	1
RAS	1604	1
RAS	1604	1
RAS	10521	-1
RAS	10521	-1
RAS	8061	1
RAS	54441	-1
RAS	28514	-1
RAS	1743	1
RAS	9829	-1
RAS	1839	1
RAS	1839	1
RAS	1843	1
RAS	1843	1
RAS	1846	1
RAS	1846	1
RAS	1847	1
RAS	1848	1
RAS	1848	1
RAS	1848	1
RAS	9170	1
RAS	1947	1
RAS	1958	1
RAS	10938	1
RAS	1969	1
RAS	2069	1
RAS	9592	1
RAS	26268	-1
RAS	2263	-1
RAS	55700	1
RAS	65979	-1
RAS	79977	-1
RAS	79993	1
RAS	201799	1
RAS	285672	1
RAS	285672	1
RAS	121227	-1
RAS	160418	-1
RAS	2317	1
RAS	2317	1
RAS	23767	1
RAS	2335	-1
RAS	2353	1
RAS	94234	1
RAS	50486	1
RAS	2619	-1
RAS	2707	1
RAS	2707	1
RAS	2709	1
RAS	2710	1
RAS	113263	-1
RAS	51228	1
RAS	51228	1
RAS	54676	1
RAS	9982	1
RAS	3008	-1
RAS	3099	1
RAS	9324	-1
RAS	3223	-1
RAS	10855	1
RAS	3265	1
RAS	8870	1
RAS	3589	1
RAS	3598	1
RAS	3552	1
RAS	3553	1
RAS	3553	1
RAS	3576	1
RAS	3628	1
RAS	50640	1
RAS	153572	-1
RAS	3673	1
RAS	3710	1
RAS	3710	1
RAS	3726	1
RAS	3775	1
RAS	3775	1
RAS	3783	1
RAS	9938	1
RAS	9938	1
RAS	9847	-1
RAS	57507	-1
RAS	80853	1
RAS	85450	1
RAS	688	1
RAS	26092	1
RAS	3949	1
RAS	3949	1
RAS	3949	1
RAS	3964	-1
RAS	10184	1
RAS	3976	1
RAS	119548	1
RAS	120224	1
RAS	129642	1
RAS	11234	1
RAS	163782	-1
RAS	9227	1
RAS	7804	1
RAS	4067	-1
RAS	4084	1
RAS	4084	1
RAS	64332	1
RAS	81631	1
RAS	4170	1
RAS	4237	1
RAS	84803	1
RAS	10793	-1
RAS	84985	1
RAS	115572	-1
RAS	78996	-1
RAS	58508	-1
RAS	4323	1
RAS	4323	1
RAS	4323	1
RAS	117195	1
RAS	57509	-1
RAS	4615	1
RAS	89795	1
RAS	10397	1
RAS	4781	-1
RAS	9221	1
RAS	4907	1
RAS	4907	1
RAS	55117	1
RAS	4953	1
RAS	9943	1
RAS	54873	-1
RAS	10135	1
RAS	29126	1
RAS	22822	1
RAS	22822	1
RAS	22822	1
RAS	7262	1
RAS	5266	1
RAS	8554	-1
RAS	5293	1
RAS	5292	1
RAS	9518	1
RAS	5329	1
RAS	5329	1
RAS	5329	1
RAS	5362	1
RAS	5383	-1
RAS	10687	1
RAS	5473	1
RAS	10105	1
RAS	10105	1
RAS	23645	1
RAS	23645	1
RAS	5621	1
RAS	5743	1
RAS	5743	1
RAS	5744	1
RAS	5744	1
RAS	5791	1
RAS	5806	1
RAS	5817	1
RAS	65059	1
RAS	65059	1
RAS	9136	1
RAS	861	-1
RAS	861	-1
RAS	6382	1
RAS	6382	1
RAS	6385	1
RAS	10509	1
RAS	54910	1
RAS	54910	1
RAS	1992	1
RAS	1992	1
RAS	5055	1
RAS	5268	1
RAS	83667	1
RAS	83667	1
RAS	2810	1
RAS	6502	-1
RAS	9123	1
RAS	6574	1
RAS	6515	1
RAS	6548	1
RAS	6525	1
RAS	6525	1
RAS	8651	1
RAS	81848	1
RAS	23524	-1
RAS	6764	-1
RAS	6804	1
RAS	6926	1
RAS	7980	1
RAS	7039	1
RAS	7039	1
RAS	7042	-1
RAS	7076	1
RAS	8797	1
RAS	8797	1
RAS	8795	1
RAS	51330	1
RAS	27327	-1
RAS	7150	1
RAS	10346	-1
RAS	8848	1
RAS	123016	-1
RAS	7277	1
RAS	6675	1
RAS	7378	1
RAS	57216	-1
RAS	7422	1
RAS	7422	1
RAS	7422	1
RAS	7422	1
RAS	81857	-1
RAS	79413	1
RAS	7538	1
RAS	7745	-1
RAS	285672	1
RAS	285672	1
RAS	81631	1
RAS	84879	1
RAS	3576	1
RAS	201176	1
RAS	9208	1
RAS	56005	1
RAS	861	-1
RAS	23112	-1
RAS	9113	-1
RAS	5154	-1
RAS	1303	-1
RAS	2043	-1
MAPK	32	-1
MAPK	107	-1
MAPK	191	-1
MAPK	293	-1
MAPK	317	-1
MAPK	373	-1
MAPK	400	-1
MAPK	521	-1
MAPK	587	-1
MAPK	596	-1
MAPK	617	-1
MAPK	694	-1
MAPK	744	-1
MAPK	776	-1
MAPK	839	-1
MAPK	1164	-1
MAPK	1326	-1
MAPK	1345	-1
MAPK	1373	-1
MAPK	1434	-1
MAPK	1468	-1
MAPK	1479	-1
MAPK	1573	-1
MAPK	1789	-1
MAPK	1952	-1
MAPK	1960	-1
MAPK	2001	-1
MAPK	2099	-1
MAPK	2122	-1
MAPK	2262	-1
MAPK	2264	-1
MAPK	2317	-1
MAPK	2494	-1
MAPK	2543	-1
MAPK	2576	-1
MAPK	2581	-1
MAPK	2960	-1
MAPK	3321	-1
MAPK	3358	-1
MAPK	3398	-1
MAPK	3643	-1
MAPK	3646	-1
MAPK	3682	-1
MAPK	3705	-1
MAPK	3800	-1
MAPK	3860	-1
MAPK	4048	-1
MAPK	4052	-1
MAPK	4092	-1
MAPK	4171	-1
MAPK	4477	-1
MAPK	4528	-1
MAPK	4602	-1
MAPK	4661	-1
MAPK	4673	-1
MAPK	4685	-1
MAPK	4702	-1
MAPK	4729	-1
MAPK	4883	-1
MAPK	4929	-1
MAPK	5025	-1
MAPK	5087	-1
MAPK	5096	-1
MAPK	5110	-1
MAPK	5121	-1
MAPK	5174	-1
MAPK	5191	-1
MAPK	5241	-1
MAPK	5289	-1
MAPK	5298	-1
MAPK	5335	-1
MAPK	5425	-1
MAPK	5627	-1
MAPK	5710	-1
MAPK	5885	-1
MAPK	5966	-1
MAPK	5979	-1
MAPK	5981	-1
MAPK	6019	-1
MAPK	6138	-1
MAPK	6141	-1
MAPK	6175	-1
MAPK	6185	-1
MAPK	6205	-1
MAPK	6227	-1
MAPK	6383	-1
MAPK	6387	-1
MAPK	6445	-1
MAPK	6565	-1
MAPK	6605	-1
MAPK	6744	-1
MAPK	6785	-1
MAPK	6787	-1
MAPK	6947	-1
MAPK	7031	-1
MAPK	7074	-1
MAPK	7155	-1
MAPK	7164	-1
MAPK	7263	-1
MAPK	7342	-1
MAPK	7366	-1
MAPK	7482	-1
MAPK	7869	-1
MAPK	8187	-1
MAPK	8270	-1
MAPK	8604	-1
MAPK	8645	-1
MAPK	8663	-1
MAPK	8723	-1
MAPK	8776	-1
MAPK	8777	-1
MAPK	8890	-1
MAPK	8934	-1
MAPK	9045	-1
MAPK	9050	-1
MAPK	9053	-1
MAPK	9063	-1
MAPK	9125	-1
MAPK	9289	-1
MAPK	9368	-1
MAPK	9467	-1
MAPK	9656	-1
MAPK	9668	-1
MAPK	9687	-1
MAPK	9779	-1
MAPK	9797	-1
MAPK	9847	-1
MAPK	9931	-1
MAPK	10090	-1
MAPK	10125	-1
MAPK	10140	-1
MAPK	10247	-1
MAPK	10273	-1
MAPK	10276	-1
MAPK	10295	-1
MAPK	10370	-1
MAPK	10395	-1
MAPK	10497	-1
MAPK	10634	-1
MAPK	10675	-1
MAPK	10732	-1
MAPK	10758	-1
MAPK	10856	-1
MAPK	10884	-1
MAPK	10907	-1
MAPK	10914	-1
MAPK	10922	-1
MAPK	10935	-1
MAPK	10974	-1
MAPK	11108	-1
MAPK	11232	-1
MAPK	11259	-1
MAPK	22828	-1
MAPK	22909	-1
MAPK	22996	-1
MAPK	23007	-1
MAPK	23039	-1
MAPK	23067	-1
MAPK	23080	-1
MAPK	23118	-1
MAPK	23171	-1
MAPK	23219	-1
MAPK	23229	-1
MAPK	23244	-1
MAPK	23357	-1
MAPK	23394	-1
MAPK	23443	-1
MAPK	23521	-1
MAPK	23549	-1
MAPK	23563	-1
MAPK	23576	-1
MAPK	23779	-1
MAPK	25840	-1
MAPK	25926	-1
MAPK	25980	-1
MAPK	26097	-1
MAPK	26121	-1
MAPK	26190	-1
MAPK	26353	-1
MAPK	26578	-1
MAPK	27250	-1
MAPK	27258	-1
MAPK	28956	-1
MAPK	28978	-1
MAPK	29104	-1
MAPK	29796	-1
MAPK	29902	-1
MAPK	29964	-1
MAPK	50865	-1
MAPK	51046	-1
MAPK	51074	-1
MAPK	51098	-1
MAPK	51141	-1
MAPK	51185	-1
MAPK	51433	-1
MAPK	51491	-1
MAPK	51499	-1
MAPK	51526	-1
MAPK	51550	-1
MAPK	51669	-1
MAPK	54332	-1
MAPK	54470	-1
MAPK	54665	-1
MAPK	54788	-1
MAPK	54840	-1
MAPK	55005	-1
MAPK	55010	-1
MAPK	55061	-1
MAPK	55081	-1
MAPK	55135	-1
MAPK	55245	-1
MAPK	55256	-1
MAPK	55347	-1
MAPK	55508	-1
MAPK	55573	-1
MAPK	55661	-1
MAPK	55709	-1
MAPK	55726	-1
MAPK	55734	-1
MAPK	55764	-1
MAPK	55769	-1
MAPK	55812	-1
MAPK	55915	-1
MAPK	56034	-1
MAPK	56943	-1
MAPK	56994	-1
MAPK	57007	-1
MAPK	57020	-1
MAPK	57380	-1
MAPK	57473	-1
MAPK	57613	-1
MAPK	60436	-1
MAPK	60598	-1
MAPK	64172	-1
MAPK	64400	-1
MAPK	64699	-1
MAPK	64769	-1
MAPK	64919	-1
MAPK	65055	-1
MAPK	65243	-1
MAPK	79158	-1
MAPK	79602	-1
MAPK	79624	-1
MAPK	79665	-1
MAPK	79695	-1
MAPK	79833	-1
MAPK	79882	-1
MAPK	79989	-1
MAPK	80129	-1
MAPK	80173	-1
MAPK	80187	-1
MAPK	80303	-1
MAPK	81550	-1
MAPK	83752	-1
MAPK	84909	-1
MAPK	87	1
MAPK	133	1
MAPK	391	1
MAPK	411	1
MAPK	444	1
MAPK	677	1
MAPK	727	1
MAPK	824	1
MAPK	831	1
MAPK	967	1
MAPK	1647	1
MAPK	1728	1
MAPK	1729	1
MAPK	1874	1
MAPK	1969	1
MAPK	1999	1
MAPK	2000	1
MAPK	2034	1
MAPK	2101	1
MAPK	2118	1
MAPK	2119	1
MAPK	2185	1
MAPK	2280	1
MAPK	2286	1
MAPK	2355	1
MAPK	2495	1
MAPK	2771	1
MAPK	2810	1
MAPK	3106	1
MAPK	3107	1
MAPK	3133	1
MAPK	3134	1
MAPK	3135	1
MAPK	3455	1
MAPK	3659	1
MAPK	3675	1
MAPK	3726	1
MAPK	3956	1
MAPK	3959	1
MAPK	3988	1
MAPK	3992	1
MAPK	3995	1
MAPK	4000	1
MAPK	4862	1
MAPK	5048	1
MAPK	5152	1
MAPK	5154	1
MAPK	5337	1
MAPK	5359	1
MAPK	5526	1
MAPK	5578	1
MAPK	5583	1
MAPK	5827	1
MAPK	5836	1
MAPK	5937	1
MAPK	5971	1
MAPK	6286	1
MAPK	6303	1
MAPK	6305	1
MAPK	6583	1
MAPK	6672	1
MAPK	6892	1
MAPK	7126	1
MAPK	7280	1
MAPK	7422	1
MAPK	7461	1
MAPK	7538	1
MAPK	8507	1
MAPK	8714	1
MAPK	9138	1
MAPK	9220	1
MAPK	9568	1
MAPK	9582	1
MAPK	9961	1
MAPK	10095	1
MAPK	10133	1
MAPK	10205	1
MAPK	10263	1
MAPK	10331	1
MAPK	10410	1
MAPK	10847	1
MAPK	11097	1
MAPK	11138	1
MAPK	11182	1
MAPK	22927	1
MAPK	22936	1
MAPK	23102	1
MAPK	23268	1
MAPK	23529	1
MAPK	23764	1
MAPK	26010	1
MAPK	27242	1
MAPK	29109	1
MAPK	51097	1
MAPK	51129	1
MAPK	51400	1
MAPK	51657	1
MAPK	53838	1
MAPK	53840	1
MAPK	55080	1
MAPK	55652	1
MAPK	55790	1
MAPK	55861	1
MAPK	56288	1
MAPK	56829	1
MAPK	56935	1
MAPK	57154	1
MAPK	60673	1
MAPK	64063	1
MAPK	64761	1
MAPK	64787	1
MAPK	65983	1
MAPK	79094	1
MAPK	79174	1
MAPK	79567	1
MAPK	79837	1
MAPK	80761	1
MAPK	81848	1
MAPK	84169	1
MAPK	85363	1
MAPK	93664	1
MAPK	206358	1
MAPK	254102	1
MAPK	346225	1
PTEN	5728	-1
PTEN	4291	1
PTEN	1010	1
PTEN	145781	-1
PTEN	4751	1
PTEN	4751	1
PTEN	6612	1
PTEN	2331	-1
PTEN	643224	1
PTEN	10399	-1
PTEN	7372	1
PTEN	11073	1
PTEN	126731	1
PTEN	6612	1
PTEN	5052	1
PTEN	5094	-1
PTEN	330	1
PTEN	5290	1
PTEN	1265	-1
PTEN	26123	-1
PTEN	79132	1
PTEN	3838	1
PTEN	9711	1
PTEN	8510	-1
PTEN	80306	-1
PTEN	2043	-1
PTEN	26973	1
PTEN	84896	-1
PTEN	1164	1
PTEN	8208	1
PTEN	24137	1
PTEN	3838	1
PTEN	23613	-1
PTEN	87178	1
PTEN	11004	1
PTEN	27122	-1
PTEN	205564	1
PTEN	8724	-1
PTEN	728564	1
PTEN	11171	-1
PTEN	6228	-1
PTEN	54503	1
PTEN	1207	1
PTEN	1062	1
PTEN	3416	-1
PTEN	9833	1
PTEN	1164	1
PTEN	5169	-1
PTEN	140459	-1
PTEN	51642	1
PTEN	56977	-1
PTEN	5612	1
PTEN	728564	1
PTEN	10440	1
PTEN	84942	-1
PTEN	3925	1
PTEN	7307	1
PTEN	27316	1
PTEN	27238	1
PTEN	50861	-1
PTEN	728564	1
PTEN	1503	1
PTEN	54556	-1
PTEN	1265	-1
PTEN	11169	1
PTEN	4172	1
PTEN	9037	-1
PTEN	10383	1
PTEN	1889	-1
PTEN	10121	-1
PTEN	6228	-1
PTEN	9392	1
PTEN	9787	1
PTEN	151246	1
PTEN	3705	-1
PTEN	891	1
PTEN	83700	-1
PTEN	5984	1
PTEN	9037	-1
PTEN	5718	1
PTEN	8897	-1
PTEN	23111	-1
PTEN	29105	1
PTEN	54906	1
PTEN	6732	1
PTEN	5870	1
PTEN	4172	1
PTEN	81610	1
PTEN	57380	1
PTEN	3066	1
PTEN	2618	1
PTEN	25852	1
PTEN	64793	1
PTEN	23279	1
PTEN	6632	1
PTEN	10972	-1
PTEN	8450	-1
PTEN	6228	-1
PTEN	9133	1
PTEN	7159	1
PTEN	6434	1
PTEN	151636	1
PTEN	4094	-1
PTEN	151188	1
PTEN	4629	-1
PTEN	5873	1
PTEN	2999	1
PTEN	8681	-1
PTEN	5111	1
PTEN	5359	1
PTEN	79694	1
PTEN	55248	1
PTEN	84955	1
PTEN	10606	1
PTEN	4259	1
PTEN	51028	-1
PTEN	4038	-1
PTEN	1503	1
PTEN	64844	1
PTEN	2281	-1
PTEN	200734	-1
PTEN	10541	1
PTEN	92342	1
PTEN	64789	1
PTEN	6397	1
PTEN	11257	-1
PTEN	9044	-1
PTEN	9232	1
PTEN	7284	-1
PTEN	10440	1
PTEN	10951	1
PTEN	54845	1
PTEN	3192	1
PTEN	54838	-1
PTEN	1848	-1
PTEN	10963	1
PTEN	6772	1
PTEN	387103	1
PTEN	6426	1
PTEN	2767	-1
PTEN	9897	-1
PTEN	3608	1
PTEN	1848	-1
PTEN	25794	-1
PTEN	9928	1
PTEN	6941	1
PTEN	29028	1
PTEN	3833	1
PTEN	89122	-1
PTEN	1889	-1
PTEN	219285	1
PTEN	699	1
PTEN	8576	-1
PTEN	8532	1
PTEN	7936	1
PTEN	10589	1
PTEN	219988	1
PTEN	374868	-1
PTEN	8848	-1
PTEN	10540	-1
PTEN	3983	-1
PTEN	5889	1
PTEN	6790	1
PTEN	10975	-1
PTEN	55827	1
PTEN	60313	1
PTEN	55662	-1
PTEN	6228	-1
PTEN	54531	-1
PTEN	11329	-1
PTEN	6619	1
PTEN	157313	1
PTEN	11337	-1
PTEN	5159	-1
PTEN	5797	-1
PTEN	3796	1
PTEN	9493	1
PTEN	7444	1
PTEN	29979	1
PTEN	29127	1
PTEN	80031	-1
PTEN	9232	1
PTEN	1889	-1
PTEN	54014	1
PTEN	79894	1
PTEN	29028	1
PTEN	9582	1
PTEN	5718	1
PTEN	3925	1
PTEN	5797	-1
PTEN	221981	-1
PTEN	4175	1
PTEN	9252	-1
PTEN	51773	1
PTEN	79628	-1
PTEN	54534	1
PTEN	79572	1
PTEN	54625	1
PTEN	55101	-1
PTEN	1311	-1
PTEN	3983	-1
PTEN	8317	1
PTEN	10206	-1
PTEN	27122	-1
PTEN	6596	1
AKTmTOR	535	1
AKTmTOR	9474	1
AKTmTOR	998	1
AKTmTOR	475	1
AKTmTOR	5327	1
AKTmTOR	6427	1
AKTmTOR	5987	1
AKTmTOR	5518	1
AKTmTOR	3948	1
AKTmTOR	3838	1
AKTmTOR	2990	1
AKTmTOR	5476	1
AKTmTOR	27069	1
AKTmTOR	2222	1
AKTmTOR	896	1
AKTmTOR	7167	1
AKTmTOR	7167	1
AKTmTOR	10938	1
AKTmTOR	3190	1
AKTmTOR	2171	1
AKTmTOR	2171	1
AKTmTOR	51155	1
AKTmTOR	934	1
AKTmTOR	934	1
AKTmTOR	7351	1
AKTmTOR	928	1
AKTmTOR	27166	1
AKTmTOR	27166	1
AKTmTOR	5214	1
AKTmTOR	7534	1
AKTmTOR	7534	1
AKTmTOR	7534	1
AKTmTOR	6241	1
AKTmTOR	6241	1
AKTmTOR	50814	1
AKTmTOR	10095	1
AKTmTOR	5695	1
AKTmTOR	11258	1
AKTmTOR	2937	1
AKTmTOR	9551	1
AKTmTOR	529	1
AKTmTOR	5356	1
AKTmTOR	4717	1
AKTmTOR	9516	1
AKTmTOR	4259	1
AKTmTOR	81614	1
AKTmTOR	4282	1
AKTmTOR	5604	1
AKTmTOR	9524	1
AKTmTOR	9524	1
AKTmTOR	3326	1
AKTmTOR	4074	1
AKTmTOR	4074	1
AKTmTOR	527	1
AKTmTOR	2987	1
AKTmTOR	5050	1
AKTmTOR	10055	1
AKTmTOR	6813	1
AKTmTOR	1072	1
AKTmTOR	56478	1
AKTmTOR	10390	1
AKTmTOR	2539	1
AKTmTOR	25994	1
AKTmTOR	25994	1
AKTmTOR	3959	1
AKTmTOR	4072	1
AKTmTOR	1366	1
AKTmTOR	80736	1
AKTmTOR	57192	1
AKTmTOR	25825	1
AKTmTOR	54676	1
AKTmTOR	1803	1
AKTmTOR	6120	1
AKTmTOR	11035	1
AKTmTOR	204	1
AKTmTOR	4289	1
AKTmTOR	10280	1
AKTmTOR	533	1
AKTmTOR	64225	1
AKTmTOR	29103	1
AKTmTOR	79647	1
AKTmTOR	226	1
AKTmTOR	6993	1
AKTmTOR	637	1
AKTmTOR	10519	1
AKTmTOR	2764	1
AKTmTOR	6733	1
AKTmTOR	6733	1
AKTmTOR	84245	1
AKTmTOR	3880	1
AKTmTOR	83786	1
AKTmTOR	7389	1
AKTmTOR	1717	1
AKTmTOR	55872	1
AKTmTOR	6391	1
AKTmTOR	5315	1
AKTmTOR	55856	1
AKTmTOR	801	1
AKTmTOR	7277	1
AKTmTOR	957	1
AKTmTOR	9843	1
AKTmTOR	116541	1
AKTmTOR	2820	1
AKTmTOR	6884	1
AKTmTOR	8504	1
AKTmTOR	10487	1
AKTmTOR	1508	1
AKTmTOR	1508	1
AKTmTOR	93974	1
AKTmTOR	6646	1
AKTmTOR	55611	1
AKTmTOR	4669	1
AKTmTOR	5836	1
AKTmTOR	23603	1
AKTmTOR	80777	1
AKTmTOR	80777	1
AKTmTOR	59084	1
AKTmTOR	5230	1
AKTmTOR	51478	1
AKTmTOR	890	1
AKTmTOR	5641	1
AKTmTOR	10635	1
AKTmTOR	10103	1
AKTmTOR	7064	1
AKTmTOR	100	1
AKTmTOR	686	1
AKTmTOR	10728	1
AKTmTOR	192286	1
AKTmTOR	4717	1
AKTmTOR	2150	1
AKTmTOR	8342	1
AKTmTOR	23597	1
AKTmTOR	56675	1
AKTmTOR	55335	1
AKTmTOR	7099	1
AKTmTOR	90843	1
AKTmTOR	9474	1
AKTmTOR	10204	1
AKTmTOR	254863	1
AKTmTOR	3073	1
AKTmTOR	3433	1
AKTmTOR	2872	1
AKTmTOR	5019	1
AKTmTOR	3799	1
AKTmTOR	6945	1
AKTmTOR	6945	1
AKTmTOR	7514	1
AKTmTOR	3898	1
AKTmTOR	10008	1
AKTmTOR	7001	1
AKTmTOR	950	1
AKTmTOR	6788	1
AKTmTOR	10618	1
AKTmTOR	6698	1
AKTmTOR	51330	1
AKTmTOR	51330	1
AKTmTOR	2597	1
AKTmTOR	27075	1
AKTmTOR	112399	1
AKTmTOR	726	1
AKTmTOR	57402	1
AKTmTOR	54997	1
AKTmTOR	54997	1
AKTmTOR	10380	1
AKTmTOR	11187	1
AKTmTOR	80324	1
AKTmTOR	8766	1
AKTmTOR	26517	1
AKTmTOR	2673	1
AKTmTOR	2877	1
AKTmTOR	2023	1
AKTmTOR	2023	1
AKTmTOR	30001	1
AKTmTOR	30001	1
AKTmTOR	30001	1
AKTmTOR	4356	1
AKTmTOR	9982	1
AKTmTOR	119504	1
AKTmTOR	7113	1
AKTmTOR	7113	1
AKTmTOR	51268	1
AKTmTOR	84773	1
AKTmTOR	3055	1
AKTmTOR	528	1
AKTmTOR	64078	1
AKTmTOR	4641	1
AKTmTOR	79570	1
AKTmTOR	26471	1
AKTmTOR	26471	1
AKTmTOR	4488	1
AKTmTOR	998	1
AKTmTOR	3939	1
AKTmTOR	10087	1
AKTmTOR	30844	1
AKTmTOR	3565	1
AKTmTOR	55760	1
AKTmTOR	23643	1
AKTmTOR	136319	1
AKTmTOR	2643	1
AKTmTOR	6303	1
AKTmTOR	8521	1
AKTmTOR	58472	1
AKTmTOR	116150	1
AKTmTOR	3856	1
AKTmTOR	84709	1
AKTmTOR	5223	1
AKTmTOR	1499	1
AKTmTOR	7532	1
AKTmTOR	7532	1
AKTmTOR	10627	1
AKTmTOR	200058	1
AKTmTOR	200058	1
AKTmTOR	7529	1
AKTmTOR	3098	1
AKTmTOR	3098	1
AKTmTOR	7422	1
AKTmTOR	5284	1
AKTmTOR	112939	1
AKTmTOR	5531	1
AKTmTOR	2821	1
AKTmTOR	2821	1
AKTmTOR	171425	1
AKTmTOR	54107	1
AKTmTOR	9663	1
AKTmTOR	6611	1
AKTmTOR	54836	1
AKTmTOR	26292	1
AKTmTOR	429	1
AKTmTOR	10452	1
AKTmTOR	4793	1
AKTmTOR	2017	1
AKTmTOR	136	1
AKTmTOR	4363	1
AKTmTOR	10611	1
AKTmTOR	1119	1
AKTmTOR	117156	1
AKTmTOR	5784	1
AKTmTOR	5211	1
AKTmTOR	8740	1
AKTmTOR	55740	1
AKTmTOR	10401	1
AKTmTOR	4000	1
AKTmTOR	81490	1
AKTmTOR	822	1
AKTmTOR	3949	1
AKTmTOR	3949	1
AKTmTOR	3839	1
AKTmTOR	205	1
AKTmTOR	205	1
AKTmTOR	5601	1
AKTmTOR	5469	1
AKTmTOR	5905	1
AKTmTOR	5610	1
AKTmTOR	54469	1
AKTmTOR	5583	1
AKTmTOR	54463	1
AKTmTOR	140456	1
AKTmTOR	79774	1
AKTmTOR	6435	1
AKTmTOR	6700	1
AKTmTOR	537	1
AKTmTOR	1622	1
AKTmTOR	7511	1
AKTmTOR	664	1
AKTmTOR	54205	1
AKTmTOR	54205	1
AKTmTOR	51474	1
AKTmTOR	1476	1
AKTmTOR	523	1
AKTmTOR	523	1
AKTmTOR	402565	1
AKTmTOR	1431	1
AKTmTOR	5863	1
AKTmTOR	3099	1
AKTmTOR	23624	1
AKTmTOR	9646	1
AKTmTOR	5550	1
AKTmTOR	10146	1
AKTmTOR	8091	1
AKTmTOR	3434	1
AKTmTOR	8357	1
AKTmTOR	51142	1
AKTmTOR	9689	1
AKTmTOR	9689	1
AKTmTOR	9948	1
AKTmTOR	51727	1
AKTmTOR	6307	1
AKTmTOR	10140	1
AKTmTOR	9777	1
AKTmTOR	740	1
AKTmTOR	1977	1
AKTmTOR	3985	1
AKTmTOR	92259	1
AKTmTOR	54682	1
AKTmTOR	5578	1
AKTmTOR	8560	1
AKTmTOR	2805	1
AKTmTOR	2224	1
AKTmTOR	9262	1
AKTmTOR	7086	1
AKTmTOR	26140	1
AKTmTOR	10783	1
AKTmTOR	10383	1
AKTmTOR	55041	1
AKTmTOR	10159	1
AKTmTOR	23070	1
AKTmTOR	3856	1
AKTmTOR	5226	1
AKTmTOR	513	1
AKTmTOR	5163	1
AKTmTOR	54583	1
AKTmTOR	3422	1
AKTmTOR	3422	1
AKTmTOR	28958	1
AKTmTOR	29887	1
AKTmTOR	5236	1
AKTmTOR	9532	1
AKTmTOR	220988	1
AKTmTOR	9296	1
AKTmTOR	6050	1
AKTmTOR	81876	1
AKTmTOR	8453	1
AKTmTOR	2739	1
AKTmTOR	150684	1
AKTmTOR	55065	1
AKTmTOR	55620	1
AKTmTOR	30851	1
AKTmTOR	92799	1
AKTmTOR	307	1
AKTmTOR	150290	1
AKTmTOR	4967	1
AKTmTOR	26136	1
AKTmTOR	134147	1
AKTmTOR	10999	1
AKTmTOR	5130	1
AKTmTOR	55813	1
AKTmTOR	26355	1
AKTmTOR	23443	1
AKTmTOR	79815	1
AKTmTOR	4731	1
AKTmTOR	6309	1
AKTmTOR	230	1
AKTmTOR	58513	1
AKTmTOR	79370	1
AKTmTOR	55930	1
AKTmTOR	767	1
AKTmTOR	55287	1
AKTmTOR	55287	1
AKTmTOR	171177	1
AKTmTOR	129642	1
AKTmTOR	54097	1
AKTmTOR	6888	1
AKTmTOR	29088	1
AKTmTOR	11269	1
AKTmTOR	8786	1
AKTmTOR	2990	1
AKTmTOR	2013	1
AKTmTOR	2013	1
AKTmTOR	47	1
AKTmTOR	1355	1
AKTmTOR	64344	1
AKTmTOR	151354	1
AKTmTOR	3135	1
AKTmTOR	5795	1
AKTmTOR	57458	1
AKTmTOR	8036	1
AKTmTOR	7316	1
AKTmTOR	1636	1
AKTmTOR	327	1
AKTmTOR	10280	1
AKTmTOR	829	1
AKTmTOR	148223	1
AKTmTOR	5165	1
AKTmTOR	7706	1
AKTmTOR	94240	1
AKTmTOR	79747	1
AKTmTOR	6513	1
AKTmTOR	6513	1
AKTmTOR	51075	1
AKTmTOR	25797	1
AKTmTOR	3320	1
AKTmTOR	55907	1
AKTmTOR	85414	1
AKTmTOR	9563	1
AKTmTOR	1266	1
AKTmTOR	515	1
AKTmTOR	10970	1
AKTmTOR	10970	1
AKTmTOR	23028	1
AKTmTOR	64761	1
AKTmTOR	64859	1
AKTmTOR	3958	1
AKTmTOR	286262	1
AKTmTOR	253943	1
AKTmTOR	283130	1
AKTmTOR	51809	1
AKTmTOR	4363	1
AKTmTOR	4047	1
AKTmTOR	5336	1
AKTmTOR	1636	1
AKTmTOR	6836	1
AKTmTOR	7280	1
AKTmTOR	3892	1
AKTmTOR	81844	1
AKTmTOR	2023	1
AKTmTOR	51495	1
AKTmTOR	23089	1
AKTmTOR	162494	1
AKTmTOR	3135	1
AKTmTOR	6049	1
AKTmTOR	79622	1
AKTmTOR	57142	1
AKTmTOR	7037	1
AKTmTOR	84899	1
AKTmTOR	85461	1
AKTmTOR	54541	1
AKTmTOR	84267	1
AKTmTOR	51081	1
AKTmTOR	4696	1
AKTmTOR	4696	1
AKTmTOR	644	1
AKTmTOR	118881	1
AKTmTOR	4128	1
AKTmTOR	4520	1
AKTmTOR	79370	1
AKTmTOR	10989	1
AKTmTOR	126006	1
AKTmTOR	5520	1
AKTmTOR	55276	1
AKTmTOR	57494	1
AKTmTOR	158219	1
AKTmTOR	9603	1
AKTmTOR	58472	1
AKTmTOR	178	1
AKTmTOR	55161	1
AKTmTOR	55740	1
AKTmTOR	1545	1
AKTmTOR	2023	1
AKTmTOR	3157	1
AKTmTOR	3157	1
AKTmTOR	3157	1
AKTmTOR	10992	1
AKTmTOR	55361	1
AKTmTOR	9716	1
AKTmTOR	6659	1
AKTmTOR	226	1
AKTmTOR	2013	1
AKTmTOR	400916	1
AKTmTOR	83699	1
AKTmTOR	23350	1
AKTmTOR	6241	1
AKTmTOR	81490	1
AKTmTOR	136	1
AKTmTOR	6513	1
AKTmTOR	226	1
AKTmTOR	2821	1
AKTmTOR	92359	1
AKTmTOR	10043	1
AKTmTOR	9993	1
AKTmTOR	1317	1
AKTmTOR	7167	1
AKTmTOR	527	1
AKTmTOR	3856	1
AKTmTOR	148808	1
AKTmTOR	148808	1
AKTmTOR	55293	1
AKTmTOR	801	1
AKTmTOR	340348	1
AKTmTOR	23218	1
AKTmTOR	10900	1
AKTmTOR	2585	1
AKTmTOR	5019	1
AKTmTOR	5226	1
AKTmTOR	10971	1
AKTmTOR	91373	1
AKTmTOR	50	1
AKTmTOR	6645	1
AKTmTOR	400916	1
AKTmTOR	533	1
AKTmTOR	1622	1
AKTmTOR	5226	1
AKTmTOR	51075	1
AKTmTOR	934	1
AKTmTOR	54205	1
AKTmTOR	23788	1
AKTmTOR	2222	1
AKTmTOR	6218	1
AKTmTOR	292	1
AKTmTOR	292	1
AKTmTOR	5230	1
AKTmTOR	23788	1
AKTmTOR	7534	1
AKTmTOR	6700	1
AKTmTOR	6651	1
AKTmTOR	5211	1
AKTmTOR	1974	1
AKTmTOR	5209	1
AKTmTOR	2314	1
AKTmTOR	226	1
AKTmTOR	388434	1
AKTmTOR	51629	1
AKTmTOR	5230	1
AKTmTOR	7086	1
PIK3CA	23157	1
PIK3CA	23461	-1
PIK3CA	51703	1
PIK3CA	135	-1
PIK3CA	202	1
PIK3CA	205	-1
PIK3CA	7915	-1
PIK3CA	240	1
PIK3CA	10513	-1
PIK3CA	367	1
PIK3CA	367	1
PIK3CA	397	1
PIK3CA	9915	1
PIK3CA	10776	-1
PIK3CA	51752	1
PIK3CA	440	-1
PIK3CA	481	1
PIK3CA	8992	-1
PIK3CA	23215	1
PIK3CA	596	-1
PIK3CA	629	1
PIK3CA	330	1
PIK3CA	51651	-1
PIK3CA	684	1
PIK3CA	10384	1
PIK3CA	55847	-1
PIK3CA	116496	1
PIK3CA	116496	1
PIK3CA	25966	1
PIK3CA	9980	1
PIK3CA	65055	1
PIK3CA	65055	1
PIK3CA	720	1
PIK3CA	721	1
PIK3CA	56892	-1
PIK3CA	51101	-1
PIK3CA	51806	1
PIK3CA	10486	1
PIK3CA	824	1
PIK3CA	64127	1
PIK3CA	834	1
PIK3CA	834	1
PIK3CA	834	1
PIK3CA	834	1
PIK3CA	874	1
PIK3CA	875	-1
PIK3CA	6352	1
PIK3CA	10576	-1
PIK3CA	972	1
PIK3CA	64866	1
PIK3CA	1048	1
PIK3CA	4680	1
PIK3CA	4680	1
PIK3CA	1081	-1
PIK3CA	79789	1
PIK3CA	1363	-1
PIK3CA	1363	-1
PIK3CA	1384	1
PIK3CA	8531	-1
PIK3CA	1472	1
PIK3CA	1488	1
PIK3CA	1501	-1
PIK3CA	1602	1
PIK3CA	1602	1
PIK3CA	23259	-1
PIK3CA	55526	1
PIK3CA	79665	-1
PIK3CA	1832	1
PIK3CA	1837	-1
PIK3CA	1875	-1
PIK3CA	55862	-1
PIK3CA	26298	1
PIK3CA	1968	-1
PIK3CA	8507	1
PIK3CA	22875	1
PIK3CA	956	1
PIK3CA	957	1
PIK3CA	2042	-1
PIK3CA	2052	1
PIK3CA	2099	1
PIK3CA	51466	1
PIK3CA	58516	-1
PIK3CA	2263	-1
PIK3CA	55181	-1
PIK3CA	79884	-1
PIK3CA	2331	1
PIK3CA	2299	1
PIK3CA	53827	1
PIK3CA	8323	-1
PIK3CA	2571	1
PIK3CA	55568	1
PIK3CA	2590	1
PIK3CA	51809	1
PIK3CA	2743	-1
PIK3CA	2743	-1
PIK3CA	2745	1
PIK3CA	2745	1
PIK3CA	2762	1
PIK3CA	9630	1
PIK3CA	51280	1
PIK3CA	2239	1
PIK3CA	2239	1
PIK3CA	2888	1
PIK3CA	2886	-1
PIK3CA	2950	1
PIK3CA	51454	-1
PIK3CA	51454	-1
PIK3CA	55573	-1
PIK3CA	50810	-1
PIK3CA	50810	-1
PIK3CA	3012	-1
PIK3CA	8969	-1
PIK3CA	3109	-1
PIK3CA	8337	-1
PIK3CA	8337	-1
PIK3CA	8349	-1
PIK3CA	92815	-1
PIK3CA	3106	1
PIK3CA	3108	1
PIK3CA	3120	1
PIK3CA	3158	1
PIK3CA	9456	-1
PIK3CA	3248	-1
PIK3CA	3248	-1
PIK3CA	3248	-1
PIK3CA	22824	-1
PIK3CA	3310	1
PIK3CA	3383	1
PIK3CA	3398	1
PIK3CA	3400	-1
PIK3CA	51124	-1
PIK3CA	3321	1
PIK3CA	10788	1
PIK3CA	8660	-1
PIK3CA	8660	-1
PIK3CA	11015	1
PIK3CA	57235	1
PIK3CA	23254	1
PIK3CA	22998	1
PIK3CA	22998	1
PIK3CA	22998	1
PIK3CA	23303	1
PIK3CA	9314	1
PIK3CA	3855	1
PIK3CA	3945	-1
PIK3CA	3945	-1
PIK3CA	51176	1
PIK3CA	3958	1
PIK3CA	3964	1
PIK3CA	3965	1
PIK3CA	51136	-1
PIK3CA	93349	1
PIK3CA	9404	1
PIK3CA	64167	1
PIK3CA	4057	1
PIK3CA	4065	1
PIK3CA	23764	-1
PIK3CA	57134	1
PIK3CA	4233	-1
PIK3CA	286527	-1
PIK3CA	23531	-1
PIK3CA	4331	-1
PIK3CA	4488	1
PIK3CA	4493	-1
PIK3CA	4582	1
PIK3CA	4582	1
PIK3CA	4609	-1
PIK3CA	4651	1
PIK3CA	9	1
PIK3CA	4739	1
PIK3CA	27018	-1
PIK3CA	4824	1
PIK3CA	4853	1
PIK3CA	4862	1
PIK3CA	4862	1
PIK3CA	4939	1
PIK3CA	51686	1
PIK3CA	4969	-1
PIK3CA	5001	-1
PIK3CA	5021	-1
PIK3CA	5066	1
PIK3CA	9659	1
PIK3CA	9659	1
PIK3CA	10158	1
PIK3CA	5178	-1
PIK3CA	64065	1
PIK3CA	5203	-1
PIK3CA	5213	-1
PIK3CA	5217	-1
PIK3CA	51659	-1
PIK3CA	5281	-1
PIK3CA	5295	1
PIK3CA	5295	1
PIK3CA	8503	1
PIK3CA	5307	1
PIK3CA	5320	1
PIK3CA	5327	1
PIK3CA	5332	-1
PIK3CA	5350	-1
PIK3CA	5350	-1
PIK3CA	5352	-1
PIK3CA	5352	-1
PIK3CA	5376	1
PIK3CA	8495	1
PIK3CA	8493	-1
PIK3CA	54704	1
PIK3CA	79056	1
PIK3CA	23362	1
PIK3CA	23362	1
PIK3CA	23362	1
PIK3CA	11168	-1
PIK3CA	5718	-1
PIK3CA	29108	1
PIK3CA	5768	1
PIK3CA	5885	-1
PIK3CA	5889	-1
PIK3CA	10267	-1
PIK3CA	5920	1
PIK3CA	11030	1
PIK3CA	9185	1
PIK3CA	5979	1
PIK3CA	6019	-1
PIK3CA	9045	-1
PIK3CA	6169	-1
PIK3CA	6198	-1
PIK3CA	58528	-1
PIK3CA	22800	-1
PIK3CA	22800	-1
PIK3CA	23328	1
PIK3CA	23328	1
PIK3CA	10647	1
PIK3CA	4250	1
PIK3CA	22800	-1
PIK3CA	6383	-1
PIK3CA	12	1
PIK3CA	8910	-1
PIK3CA	23677	1
PIK3CA	22941	1
PIK3CA	26503	1
PIK3CA	64754	1
PIK3CA	150094	-1
PIK3CA	51375	-1
PIK3CA	6653	1
PIK3CA	79582	-1
PIK3CA	9517	1
PIK3CA	6713	-1
PIK3CA	6717	-1
PIK3CA	4070	1
PIK3CA	7020	1
PIK3CA	7056	1
PIK3CA	7056	1
PIK3CA	7088	1
PIK3CA	7107	1
PIK3CA	64699	1
PIK3CA	8743	1
PIK3CA	8743	1
PIK3CA	8743	1
PIK3CA	23043	1
PIK3CA	23043	1
PIK3CA	23043	1
PIK3CA	27324	1
PIK3CA	7164	1
PIK3CA	7164	1
PIK3CA	7188	1
PIK3CA	23321	-1
PIK3CA	51174	-1
PIK3CA	51174	-1
PIK3CA	7295	-1
PIK3CA	7351	1
PIK3CA	7351	1
PIK3CA	10810	-1
PIK3CA	51186	-1
PIK3CA	7474	1
PIK3CA	65986	-1
PIK3CA	677	1
PIK3CA	678	1
PIK3CA	678	1
PIK3CA	6169	-1
IGF1	5104	1
IGF1	16	1
IGF1	6950	1
IGF1	47	1
IGF1	81	1
IGF1	87	1
IGF1	156	1
IGF1	226	1
IGF1	22906	1
IGF1	440	1
IGF1	444	1
IGF1	578	1
IGF1	617	1
IGF1	645	1
IGF1	655	1
IGF1	762	1
IGF1	816	1
IGF1	833	1
IGF1	896	1
IGF1	955	1
IGF1	1026	1
IGF1	1051	1
IGF1	1054	1
IGF1	1075	1
IGF1	1147	1
IGF1	1152	1
IGF1	1175	1
IGF1	1317	1
IGF1	1465	1
IGF1	1468	1
IGF1	1503	1
IGF1	1515	1
IGF1	1534	1
IGF1	1537	1
IGF1	1594	1
IGF1	1622	1
IGF1	1717	1
IGF1	1743	1
IGF1	1758	1
IGF1	1789	1
IGF1	1837	1
IGF1	1847	1
IGF1	1848	1
IGF1	1850	1
IGF1	1857	1
IGF1	1960	1
IGF1	1965	1
IGF1	1978	1
IGF1	2021	1
IGF1	2030	1
IGF1	2055	1
IGF1	2119	1
IGF1	2146	1
IGF1	2161	1
IGF1	2184	1
IGF1	2222	1
IGF1	2224	1
IGF1	2274	1
IGF1	2316	1
IGF1	2356	1
IGF1	2539	1
IGF1	2553	1
IGF1	2582	1
IGF1	2617	1
IGF1	2618	1
IGF1	2644	1
IGF1	2810	1
IGF1	3015	1
IGF1	3035	1
IGF1	3145	1
IGF1	3157	1
IGF1	3163	1
IGF1	3241	1
IGF1	3251	1
IGF1	3376	1
IGF1	3396	1
IGF1	3422	1
IGF1	3475	1
IGF1	3556	1
IGF1	3638	1
IGF1	3654	1
IGF1	3661	1
IGF1	3682	1
IGF1	3730	1
IGF1	3831	1
IGF1	3836	1
IGF1	3898	1
IGF1	3949	1
IGF1	3992	1
IGF1	3995	1
IGF1	4016	1
IGF1	4017	1
IGF1	4256	1
IGF1	4319	1
IGF1	4552	1
IGF1	4597	1
IGF1	4605	1
IGF1	4728	1
IGF1	4860	1
IGF1	4900	1
IGF1	5029	1
IGF1	5106	1
IGF1	5214	1
IGF1	5277	1
IGF1	5373	1
IGF1	5427	1
IGF1	5534	1
IGF1	5601	1
IGF1	5621	1
IGF1	5723	1
IGF1	5831	1
IGF1	5833	1
IGF1	5983	1
IGF1	5985	1
IGF1	6182	1
IGF1	6197	1
IGF1	6199	1
IGF1	6301	1
IGF1	6319	1
IGF1	6472	1
IGF1	6510	1
IGF1	6520	1
IGF1	6535	1
IGF1	6541	1
IGF1	6576	1
IGF1	6624	1
IGF1	6627	1
IGF1	6674	1
IGF1	6721	1
IGF1	6723	1
IGF1	6897	1
IGF1	6949	1
IGF1	7083	1
IGF1	7262	1
IGF1	7264	1
IGF1	7277	1
IGF1	7283	1
IGF1	7347	1
IGF1	7407	1
IGF1	7422	1
IGF1	7443	1
IGF1	7453	1
IGF1	7791	1
IGF1	7804	1
IGF1	7866	1
IGF1	8078	1
IGF1	8140	1
IGF1	8260	1
IGF1	8273	1
IGF1	8402	1
IGF1	8407	1
IGF1	8487	1
IGF1	8533	1
IGF1	8573	1
IGF1	8623	1
IGF1	8669	1
IGF1	8682	1
IGF1	8726	1
IGF1	54898	1
IGF1	8818	1
IGF1	8829	1
IGF1	8877	1
IGF1	8891	1
IGF1	8900	1
IGF1	8974	1
IGF1	8985	1
IGF1	8986	1
IGF1	9040	1
IGF1	9129	1
IGF1	9141	1
IGF1	9145	1
IGF1	9238	1
IGF1	9260	1
IGF1	9270	1
IGF1	9361	1
IGF1	9455	1
IGF1	9466	1
IGF1	9631	1
IGF1	9636	1
IGF1	9738	1
IGF1	9818	1
IGF1	9830	1
IGF1	9933	1
IGF1	9948	1
IGF1	10038	1
IGF1	10061	1
IGF1	10105	1
IGF1	10184	1
IGF1	10273	1
IGF1	10425	1
IGF1	10452	1
IGF1	10469	1
IGF1	10528	1
IGF1	10573	1
IGF1	10644	1
IGF1	10807	1
IGF1	10808	1
IGF1	10897	1
IGF1	10926	1
IGF1	10950	1
IGF1	10962	1
IGF1	10963	1
IGF1	11033	1
IGF1	11047	1
IGF1	11151	1
IGF1	11187	1
IGF1	11247	1
IGF1	11260	1
IGF1	11266	1
IGF1	11322	1
IGF1	11332	1
IGF1	11340	1
IGF1	22843	1
IGF1	22913	1
IGF1	23043	1
IGF1	23165	1
IGF1	23234	1
IGF1	23381	1
IGF1	23516	1
IGF1	23555	1
IGF1	23590	1
IGF1	23594	1
IGF1	23649	1
IGF1	23657	1
IGF1	25888	1
IGF1	26155	1
IGF1	26168	1
IGF1	26227	1
IGF1	26271	1
IGF1	26471	1
IGF1	26472	1
IGF1	26521	1
IGF1	26973	1
IGF1	27341	1
IGF1	28231	1
IGF1	28960	1
IGF1	29107	1
IGF1	29763	1
IGF1	29893	1
IGF1	29901	1
IGF1	29915	1
IGF1	9807	1
IGF1	29960	1
IGF1	51016	1
IGF1	51018	1
IGF1	51022	1
IGF1	51025	1
IGF1	51073	1
IGF1	51075	1
IGF1	51083	1
IGF1	51087	1
IGF1	51109	1
IGF1	51236	1
IGF1	51330	1
IGF1	51400	1
IGF1	192286	1
IGF1	51728	1
IGF1	53838	1
IGF1	54205	1
IGF1	54442	1
IGF1	54476	1
IGF1	54541	1
IGF1	54663	1
IGF1	54849	1
IGF1	91860	1
IGF1	55038	1
IGF1	55061	1
IGF1	55071	1
IGF1	55110	1
IGF1	55111	1
IGF1	55168	1
IGF1	55176	1
IGF1	55224	1
IGF1	55312	1
IGF1	55341	1
IGF1	55379	1
IGF1	55388	1
IGF1	55630	1
IGF1	55700	1
IGF1	55720	1
IGF1	55969	1
IGF1	55975	1
IGF1	56894	1
IGF1	56935	1
IGF1	56942	1
IGF1	57060	1
IGF1	57102	1
IGF1	57418	1
IGF1	57596	1
IGF1	57706	1
IGF1	57761	1
IGF1	58526	1
IGF1	58986	1
IGF1	60673	1
IGF1	64118	1
IGF1	64222	1
IGF1	64782	1
IGF1	65990	1
IGF1	79000	1
IGF1	79006	1
IGF1	79050	1
IGF1	79071	1
IGF1	79080	1
IGF1	79094	1
IGF1	79154	1
IGF1	79174	1
IGF1	79180	1
IGF1	79412	1
IGF1	79573	1
IGF1	79581	1
IGF1	79609	1
IGF1	79693	1
IGF1	79710	1
IGF1	79711	1
IGF1	80178	1
IGF1	80179	1
IGF1	80742	1
IGF1	81034	1
IGF1	81570	1
IGF1	81873	1
IGF1	81894	1
IGF1	83743	1
IGF1	84065	1
IGF1	84549	1
IGF1	84617	1
IGF1	84790	1
IGF1	89797	1
IGF1	92170	1
IGF1	112398	1
IGF1	115201	1
IGF1	116496	1
IGF1	116832	1
IGF1	203068	1
IGF1	246243	1
IGF1	353189	1
IGF1	9	-1
IGF1	36	-1
IGF1	38	-1
IGF1	104	-1
IGF1	107	-1
IGF1	120	-1
IGF1	123	-1
IGF1	143	-1
IGF1	224	-1
IGF1	288	-1
IGF1	317	-1
IGF1	318	-1
IGF1	328	-1
IGF1	360	-1
IGF1	549	-1
IGF1	596	-1
IGF1	604	-1
IGF1	638	-1
IGF1	665	-1
IGF1	694	-1
IGF1	753	-1
IGF1	831	-1
IGF1	857	-1
IGF1	900	-1
IGF1	901	-1
IGF1	1102	-1
IGF1	1112	-1
IGF1	1200	-1
IGF1	1299	-1
IGF1	1315	-1
IGF1	1326	-1
IGF1	1362	-1
IGF1	1604	-1
IGF1	29935	-1
IGF1	1733	-1
IGF1	1942	-1
IGF1	1962	-1
IGF1	1974	-1
IGF1	1992	-1
IGF1	2053	-1
IGF1	2065	-1
IGF1	2066	-1
IGF1	2073	-1
IGF1	2186	-1
IGF1	2188	-1
IGF1	2258	-1
IGF1	2263	-1
IGF1	2273	-1
IGF1	2308	-1
IGF1	2330	-1
IGF1	2353	-1
IGF1	2515	-1
IGF1	2517	-1
IGF1	2535	-1
IGF1	2581	-1
IGF1	2745	-1
IGF1	2752	-1
IGF1	2799	-1
IGF1	2804	-1
IGF1	2888	-1
IGF1	2896	-1
IGF1	2990	-1
IGF1	3006	-1
IGF1	3012	-1
IGF1	3017	-1
IGF1	3155	-1
IGF1	3176	-1
IGF1	3321	-1
IGF1	3358	-1
IGF1	3431	-1
IGF1	3476	-1
IGF1	3554	-1
IGF1	3667	-1
IGF1	1506	-1
IGF1	3764	-1
IGF1	3778	-1
IGF1	3781	-1
IGF1	3797	-1
IGF1	3912	-1
IGF1	3964	-1
IGF1	4005	-1
IGF1	4048	-1
IGF1	4126	-1
IGF1	4128	-1
IGF1	4311	-1
IGF1	4329	-1
IGF1	4477	-1
IGF1	4501	-1
IGF1	4601	-1
IGF1	4602	-1
IGF1	4610	-1
IGF1	4753	-1
IGF1	4781	-1
IGF1	4886	-1
IGF1	4889	-1
IGF1	4982	-1
IGF1	5046	-1
IGF1	5087	-1
IGF1	5189	-1
IGF1	5238	-1
IGF1	5290	-1
IGF1	5334	-1
IGF1	5349	-1
IGF1	5376	-1
IGF1	5498	-1
IGF1	5538	-1
IGF1	5547	-1
IGF1	5627	-1
IGF1	5733	-1
IGF1	5734	-1
IGF1	5771	-1
IGF1	5783	-1
IGF1	5826	-1
IGF1	5926	-1
IGF1	5993	-1
IGF1	6019	-1
IGF1	6038	-1
IGF1	6253	-1
IGF1	6414	-1
IGF1	6642	-1
IGF1	6658	-1
IGF1	6672	-1
IGF1	6814	-1
IGF1	7026	-1
IGF1	7035	-1
IGF1	7045	-1
IGF1	7078	-1
IGF1	7107	-1
IGF1	7181	-1
IGF1	7306	-1
IGF1	7456	-1
IGF1	7508	-1
IGF1	7580	-1
IGF1	7770	-1
IGF1	7844	-1
IGF1	7852	-1
IGF1	8031	-1
IGF1	8204	-1
IGF1	8269	-1
IGF1	8339	-1
IGF1	8481	-1
IGF1	8502	-1
IGF1	8519	-1
IGF1	8613	-1
IGF1	8630	-1
IGF1	8660	-1
IGF1	8705	-1
IGF1	8720	-1
IGF1	8722	-1
IGF1	8800	-1
IGF1	8835	-1
IGF1	8934	-1
IGF1	8991	-1
IGF1	9111	-1
IGF1	9185	-1
IGF1	9187	-1
IGF1	9204	-1
IGF1	9236	-1
IGF1	9337	-1
IGF1	9338	-1
IGF1	9367	-1
IGF1	9419	-1
IGF1	9439	-1
IGF1	9444	-1
IGF1	9445	-1
IGF1	9467	-1
IGF1	9512	-1
IGF1	9517	-1
IGF1	9525	-1
IGF1	9528	-1
IGF1	9630	-1
IGF1	9638	-1
IGF1	9649	-1
IGF1	9665	-1
IGF1	9743	-1
IGF1	9764	-1
IGF1	9766	-1
IGF1	9767	-1
IGF1	9772	-1
IGF1	9779	-1
IGF1	9821	-1
IGF1	9847	-1
IGF1	9886	-1
IGF1	9906	-1
IGF1	9936	-1
IGF1	9946	-1
IGF1	10023	-1
IGF1	10040	-1
IGF1	10106	-1
IGF1	10129	-1
IGF1	10133	-1
IGF1	10142	-1
IGF1	10179	-1
IGF1	10267	-1
IGF1	10282	-1
IGF1	10284	-1
IGF1	10314	-1
IGF1	10325	-1
IGF1	10370	-1
IGF1	10397	-1
IGF1	10451	-1
IGF1	10610	-1
IGF1	10742	-1
IGF1	10753	-1
IGF1	10826	-1
IGF1	10916	-1
IGF1	10924	-1
IGF1	10928	-1
IGF1	10957	-1
IGF1	11045	-1
IGF1	11046	-1
IGF1	11069	-1
IGF1	11152	-1
IGF1	11345	-1
IGF1	22882	-1
IGF1	22920	-1
IGF1	23097	-1
IGF1	23158	-1
IGF1	23240	-1
IGF1	23321	-1
IGF1	23327	-1
IGF1	23351	-1
IGF1	23401	-1
IGF1	23411	-1
IGF1	23424	-1
IGF1	23503	-1
IGF1	23530	-1
IGF1	23548	-1
IGF1	23550	-1
IGF1	23554	-1
IGF1	23588	-1
IGF1	1122	-1
IGF1	23678	-1
IGF1	24149	-1
IGF1	25805	-1
IGF1	25840	-1
IGF1	25850	-1
IGF1	25875	-1
IGF1	25901	-1
IGF1	25913	-1
IGF1	25949	-1
IGF1	25996	-1
IGF1	26018	-1
IGF1	26100	-1
IGF1	26235	-1
IGF1	26273	-1
IGF1	26509	-1
IGF1	26751	-1
IGF1	27010	-1
IGF1	27072	-1
IGF1	27113	-1
IGF1	27241	-1
IGF1	27250	-1
IGF1	27316	-1
IGF1	28965	-1
IGF1	29071	-1
IGF1	29099	-1
IGF1	29760	-1
IGF1	29799	-1
IGF1	29887	-1
IGF1	29995	-1
IGF1	51019	-1
IGF1	51084	-1
IGF1	51172	-1
IGF1	51227	-1
IGF1	51231	-1
IGF1	51292	-1
IGF1	51309	-1
IGF1	51315	-1
IGF1	51363	-1
IGF1	51447	-1
IGF1	51474	-1
IGF1	51594	-1
IGF1	51626	-1
IGF1	51646	-1
IGF1	51696	-1
IGF1	54014	-1
IGF1	54453	-1
IGF1	54621	-1
IGF1	54664	-1
IGF1	54665	-1
IGF1	54769	-1
IGF1	54800	-1
IGF1	54816	-1
IGF1	54898	-1
IGF1	54974	-1
IGF1	55008	-1
IGF1	55062	-1
IGF1	55100	-1
IGF1	55196	-1
IGF1	55204	-1
IGF1	55213	-1
IGF1	55218	-1
IGF1	55286	-1
IGF1	55296	-1
IGF1	55315	-1
IGF1	55332	-1
IGF1	55501	-1
IGF1	55510	-1
IGF1	55625	-1
IGF1	55742	-1
IGF1	55763	-1
IGF1	55788	-1
IGF1	55793	-1
IGF1	55812	-1
IGF1	55818	-1
IGF1	55827	-1
IGF1	55830	-1
IGF1	55837	-1
IGF1	55857	-1
IGF1	55900	-1
IGF1	56603	-1
IGF1	56898	-1
IGF1	56922	-1
IGF1	56997	-1
IGF1	57007	-1
IGF1	57088	-1
IGF1	57326	-1
IGF1	57419	-1
IGF1	57509	-1
IGF1	57515	-1
IGF1	57599	-1
IGF1	57728	-1
IGF1	57758	-1
IGF1	57763	-1
IGF1	58488	-1
IGF1	58497	-1
IGF1	59348	-1
IGF1	60686	-1
IGF1	63892	-1
IGF1	63897	-1
IGF1	63901	-1
IGF1	63920	-1
IGF1	64430	-1
IGF1	64786	-1
IGF1	64798	-1
IGF1	64927	-1
IGF1	65018	-1
IGF1	65084	-1
IGF1	79083	-1
IGF1	79090	-1
IGF1	79443	-1
IGF1	79611	-1
IGF1	79664	-1
IGF1	79665	-1
IGF1	79738	-1
IGF1	79762	-1
IGF1	79789	-1
IGF1	79864	-1
IGF1	79901	-1
IGF1	79983	-1
IGF1	80195	-1
IGF1	80230	-1
IGF1	80254	-1
IGF1	80303	-1
IGF1	80344	-1
IGF1	80853	-1
IGF1	81031	-1
IGF1	81578	-1
IGF1	81603	-1
IGF1	81627	-1
IGF1	83439	-1
IGF1	84124	-1
IGF1	84159	-1
IGF1	89910	-1
IGF1	90362	-1
IGF1	90864	-1
IGF1	93129	-1
IGF1	112611	-1
IGF1	113791	-1
IGF1	114625	-1
IGF1	114876	-1
IGF1	114883	-1
IGF1	123872	-1
IGF1	151050	-1
IGF1	259230	-1
IGF1	286148	-1
SRC	89845	-1
SRC	47	-1
SRC	771	-1
SRC	55870	-1
SRC	55612	-1
SRC	157680	-1
SRC	1296	-1
SRC	1479	-1
SRC	8853	-1
SRC	115817	-1
SRC	9988	-1
SRC	131566	-1
SRC	79813	-1
SRC	2135	-1
SRC	55120	-1
SRC	64848	-1
SRC	10634	-1
SRC	10808	-1
SRC	23023	-1
SRC	23030	-1
SRC	9388	-1
SRC	125476	-1
SRC	4047	-1
SRC	4140	-1
SRC	326625	1
SRC	6526	-1
SRC	23645	1
SRC	144165	-1
SRC	150696	-1
SRC	5744	-1
SRC	5896	1
SRC	6241	-1
SRC	26278	-1
SRC	79048	-1
SRC	5055	-1
SRC	6558	-1
SRC	6714	1
SRC	6714	1
SRC	6744	-1
SRC	10299	-1
SRC	7128	-1
SRC	23270	-1
SRC	7559	-1
SRC	7559	-1
SRC	27107	-1
SRC	51592	-1
SRC	1277	-1
MYC	8714	-1
MYC	8714	-1
MYC	55902	-1
MYC	101	-1
MYC	219	1
MYC	10195	1
MYC	54865	1
MYC	55615	1
MYC	406	-1
MYC	406	-1
MYC	56938	-1
MYC	471	1
MYC	493	-1
MYC	493	-1
MYC	617	1
MYC	51154	1
MYC	54976	1
MYC	901	-1
MYC	55143	-1
MYC	1017	-1
MYC	1019	1
MYC	8837	-1
MYC	51651	1
MYC	57530	-1
MYC	84916	1
MYC	84916	1
MYC	64857	-1
MYC	1277	-1
MYC	1289	-1
MYC	1296	-1
MYC	10903	-1
MYC	23564	-1
MYC	23564	-1
MYC	1662	1
MYC	8886	1
MYC	1606	-1
MYC	1723	1
MYC	115817	-1
MYC	1736	1
MYC	91404	-1
MYC	27340	1
MYC	1844	1
MYC	2012	-1
MYC	54869	-1
MYC	54869	-1
MYC	2065	-1
MYC	2193	1
MYC	2256	-1
MYC	89848	-1
MYC	54663	1
MYC	54475	1
MYC	55341	1
MYC	55341	1
MYC	79584	1
MYC	55621	1
MYC	55621	1
MYC	55794	1
MYC	144577	1
MYC	124093	1
MYC	259173	-1
MYC	10056	1
MYC	2801	-1
MYC	266977	-1
MYC	9982	-1
MYC	7965	1
MYC	90161	1
MYC	3310	1
MYC	51491	1
MYC	3329	1
MYC	92856	1
MYC	79711	1
MYC	10379	-1
MYC	7965	1
MYC	23171	1
MYC	23170	1
MYC	23351	-1
MYC	23351	-1
MYC	23357	1
MYC	57674	-1
MYC	57707	-1
MYC	3918	-1
MYC	124402	1
MYC	148523	1
MYC	201164	1
MYC	203522	-1
MYC	55326	1
MYC	4053	-1
MYC	27346	1
MYC	27346	1
MYC	27346	1
MYC	9064	-1
MYC	255231	1
MYC	4234	1
MYC	84798	1
MYC	84315	1
MYC	84331	1
MYC	84291	1
MYC	79081	1
MYC	79080	1
MYC	27042	1
MYC	78991	1
MYC	79026	-1
MYC	79026	-1
MYC	8569	-1
MYC	4486	-1
MYC	10514	1
MYC	4609	1
MYC	22861	-1
MYC	22861	-1
MYC	4691	1
MYC	4791	-1
MYC	4804	-1
MYC	64780	-1
MYC	4817	-1
MYC	4839	1
MYC	10528	1
MYC	65083	1
MYC	9221	1
MYC	8829	-1
MYC	26354	1
MYC	4909	-1
MYC	55117	1
MYC	55117	1
MYC	26747	1
MYC	23762	-1
MYC	5036	1
MYC	10606	1
MYC	5091	-1
MYC	26577	1
MYC	56652	1
MYC	23481	1
MYC	5213	1
MYC	5245	1
MYC	5252	-1
MYC	5328	-1
MYC	5339	-1
MYC	5373	1
MYC	87178	1
MYC	80308	1
MYC	54704	-1
MYC	9266	-1
MYC	10244	1
MYC	9052	-1
MYC	10171	1
MYC	64285	-1
MYC	10799	1
MYC	9136	1
MYC	56915	1
MYC	10813	1
MYC	1992	-1
MYC	119559	1
MYC	119559	1
MYC	84561	1
MYC	6573	1
MYC	6573	1
MYC	3177	1
MYC	6535	1
MYC	84189	-1
MYC	6525	-1
MYC	6525	-1
MYC	57154	-1
MYC	6652	1
MYC	6653	-1
MYC	6709	-1
MYC	6709	-1
MYC	6723	1
MYC	54961	-1
MYC	50861	-1
MYC	152579	1
MYC	6832	1
MYC	6949	1
MYC	29914	1
MYC	64216	1
MYC	7051	-1
MYC	26277	-1
MYC	7127	-1
MYC	7846	-1
MYC	6843	-1
MYC	55759	1
MYC	26094	1
MYC	57510	1
MYC	79413	-1
MYC	3310	1
MYC	23246	1
MYC	1736	1
MYC	637	1
MYC	51619	-1
MYC	80761	-1
MYC	7052	-1
MYC	400077	-1
MYC	5339	-1
E2F3	23456	1
E2F3	89845	-1
E2F3	9429	1
E2F3	253152	1
E2F3	109	1
E2F3	51517	1
E2F3	231	1
E2F3	207	1
E2F3	7915	1
E2F3	56172	1
E2F3	134549	1
E2F3	576	1
E2F3	10018	1
E2F3	54880	1
E2F3	54880	1
E2F3	55612	-1
E2F3	221545	1
E2F3	221545	1
E2F3	84553	1
E2F3	55603	1
E2F3	55450	1
E2F3	10645	1
E2F3	896	1
E2F3	898	1
E2F3	9134	1
E2F3	9134	1
E2F3	9308	1
E2F3	23097	1
E2F3	23097	1
E2F3	1028	1
E2F3	1029	1
E2F3	1031	1
E2F3	1050	1
E2F3	8534	1
E2F3	9435	1
E2F3	56548	1
E2F3	84678	1
E2F3	25792	1
E2F3	9738	1
E2F3	1407	1
E2F3	10675	1
E2F3	79850	1
E2F3	10208	-1
E2F3	27065	1
E2F3	1633	1
E2F3	64858	1
E2F3	23576	1
E2F3	26100	1
E2F3	26151	-1
E2F3	23336	1
E2F3	23234	1
E2F3	29980	1
E2F3	53820	1
E2F3	1857	1
E2F3	144455	1
E2F3	1917	1
E2F3	2026	1
E2F3	399474	1
E2F3	54566	1
E2F3	1969	-1
E2F3	2146	1
E2F3	2175	1
E2F3	2175	1
E2F3	23014	1
E2F3	2237	1
E2F3	2237	1
E2F3	2254	1
E2F3	2261	1
E2F3	55084	1
E2F3	64130	1
E2F3	65055	1
E2F3	65055	1
E2F3	84915	1
E2F3	54808	1
E2F3	54463	1
E2F3	54867	1
E2F3	92370	1
E2F3	132332	1
E2F3	149175	1
E2F3	158158	1
E2F3	253650	1
E2F3	441459	1
E2F3	94234	1
E2F3	10023	1
E2F3	8321	1
E2F3	8321	1
E2F3	2643	1
E2F3	80318	1
E2F3	80318	1
E2F3	2743	1
E2F3	2774	1
E2F3	84634	1
E2F3	57531	1
E2F3	51696	1
E2F3	23462	1
E2F3	23462	1
E2F3	51523	1
E2F3	29901	1
E2F3	55540	1
E2F3	55540	1
E2F3	55540	1
E2F3	3553	-1
E2F3	3625	1
E2F3	3643	1
E2F3	56704	1
E2F3	200845	1
E2F3	10656	1
E2F3	23199	1
E2F3	23199	1
E2F3	26033	1
E2F3	23030	-1
E2F3	23158	1
E2F3	55636	1
E2F3	25959	1
E2F3	55225	1
E2F3	116236	1
E2F3	116238	1
E2F3	125476	-1
E2F3	129607	1
E2F3	151194	1
E2F3	221061	1
E2F3	90355	1
E2F3	90378	1
E2F3	26018	1
E2F3	4038	1
E2F3	27346	1
E2F3	27346	1
E2F3	27346	1
E2F3	4091	1
E2F3	79174	1
E2F3	254887	1
E2F3	115752	1
E2F3	1609	-1
E2F3	130574	1
E2F3	79101	-1
E2F3	79022	1
E2F3	4324	1
E2F3	22808	1
E2F3	4602	1
E2F3	4678	1
E2F3	4747	1
E2F3	81831	1
E2F3	81831	1
E2F3	51199	1
E2F3	9631	1
E2F3	1122	1
E2F3	5111	1
E2F3	26577	1
E2F3	5151	1
E2F3	23089	1
E2F3	23089	1
E2F3	5209	1
E2F3	55274	1
E2F3	5253	1
E2F3	57157	1
E2F3	5300	1
E2F3	29941	1
E2F3	23228	1
E2F3	23129	1
E2F3	5426	1
E2F3	5427	1
E2F3	8613	1
E2F3	29028	1
E2F3	29028	1
E2F3	29028	1
E2F3	11168	1
E2F3	5742	-1
E2F3	11137	-1
E2F3	5827	1
E2F3	25837	1
E2F3	25837	1
E2F3	51514	1
E2F3	9401	1
E2F3	25907	1
E2F3	58517	-1
E2F3	6117	1
E2F3	65078	1
E2F3	864	1
E2F3	864	1
E2F3	6334	1
E2F3	6337	-1
E2F3	9147	-1
E2F3	10194	1
E2F3	10194	1
E2F3	51460	1
E2F3	6431	-1
E2F3	6450	1
E2F3	23309	-1
E2F3	147912	1
E2F3	8604	1
E2F3	8604	1
E2F3	11000	1
E2F3	9368	1
E2F3	6666	1
E2F3	123606	1
E2F3	6720	-1
E2F3	117178	1
E2F3	201254	1
E2F3	6812	1
E2F3	6874	1
E2F3	7004	1
E2F3	7027	1
E2F3	7074	1
E2F3	64097	1
E2F3	53346	1
E2F3	7107	1
E2F3	79056	1
E2F3	7128	-1
E2F3	10612	1
E2F3	81786	1
E2F3	7368	1
E2F3	10309	1
E2F3	7474	1
E2F3	7474	1
E2F3	9933	-1
E2F3	7748	-1
E2F3	11130	1
E2F3	376267	1
E2F3	64130	1
E2F3	388228	1
E2F3	388228	1
E2F3	112724	-1
BetaCatenin	10152	-1
BetaCatenin	26225	-1
BetaCatenin	55870	-1
BetaCatenin	546	-1
BetaCatenin	8313	1
BetaCatenin	55612	-1
BetaCatenin	55612	-1
BetaCatenin	25957	-1
BetaCatenin	9749	-1
BetaCatenin	23196	-1
BetaCatenin	1305	-1
BetaCatenin	1296	-1
BetaCatenin	1462	-1
BetaCatenin	9126	-1
BetaCatenin	1591	1
BetaCatenin	170506	-1
BetaCatenin	1778	-1
BetaCatenin	1847	-1
BetaCatenin	1997	-1
BetaCatenin	2058	-1
BetaCatenin	55205	-1
BetaCatenin	80205	-1
BetaCatenin	94234	1
BetaCatenin	10772	-1
BetaCatenin	55970	-1
BetaCatenin	3552	-1
BetaCatenin	23185	-1
BetaCatenin	23351	-1
BetaCatenin	23023	-1
BetaCatenin	23030	-1
BetaCatenin	23254	-1
BetaCatenin	23325	-1
BetaCatenin	259282	-1
BetaCatenin	26524	-1
BetaCatenin	987	-1
BetaCatenin	7798	-1
BetaCatenin	79109	-1
BetaCatenin	79101	-1
BetaCatenin	8202	-1
BetaCatenin	4750	-1
BetaCatenin	25805	1
BetaCatenin	2908	-1
BetaCatenin	5325	-1
BetaCatenin	5325	-1
BetaCatenin	59338	-1
BetaCatenin	5744	-1
BetaCatenin	9444	-1
BetaCatenin	157869	1
BetaCatenin	79048	-1
BetaCatenin	6322	-1
BetaCatenin	9147	-1
BetaCatenin	140890	-1
BetaCatenin	9169	-1
BetaCatenin	6431	-1
BetaCatenin	23049	-1
BetaCatenin	6653	-1
BetaCatenin	57187	-1
BetaCatenin	57187	-1
BetaCatenin	7128	-1
BetaCatenin	7150	-1
BetaCatenin	7150	-1
BetaCatenin	9830	1
BetaCatenin	2908	-1
BetaCatenin	619435	-1
BetaCatenin	860	1
